[
  {
    "source": "wikipedia",
    "text": "July is the seventh month of the year in the Julian and Gregorian calendars. Its length is 31 days. It was named by the Roman Senate in honour of Roman general and statesman Julius Caesar in 44 B.C., being the month of his birth. Before then it was called Quintilis, being the fifth month of the calendar that started with March.",
    "date": null,
    "verdict": null
  },
  {
    "source": "wikipedia",
    "text": "It is on average the warmest month in most of the Northern Hemisphere, where it is the second month of summer, and the coldest month in much of the Southern Hemisphere, where it is the second month of winter. The second half of the year commences in July. In the Southern Hemisphere, July is the seasonal equivalent of January in the Northern hemisphere.",
    "date": null,
    "verdict": null
  },
  {
    "source": "wikipedia",
    "text": "\"Dog days\" are considered to begin in early July in the Northern Hemisphere, when the hot sultry weather of summer usually starts. Spring lambs born in late winter or early spring are usually sold before 1 July.",
    "date": null,
    "verdict": null
  },
  {
    "source": "wikipedia",
    "text": "Its birth flowers are the larkspur and the water lily. The zodiac signs are Cancer (until July 22) and Leo (July 23 onward).",
    "date": null,
    "verdict": null
  },
  {
    "source": "wikipedia",
    "text": "This list does not necessarily imply either official status nor general observance.",
    "date": null,
    "verdict": null
  },
  {
    "source": "wikipedia",
    "text": "Honor America Days: 14 June to 4 July (United States)",
    "date": null,
    "verdict": null
  },
  {
    "source": "wikipedia",
    "text": "In Catholic tradition, July is the Month of the Most Precious Blood of Jesus.",
    "date": null,
    "verdict": null
  },
  {
    "source": "wikipedia",
    "text": "(All Baha'i, Islamic, and Jewish observances begin at the sundown before the date listed, and end at sundown of the date in question unless otherwise noted.)",
    "date": null,
    "verdict": null
  },
  {
    "source": "wikipedia",
    "text": "Phi Ta Khon (Dan Sai, Loei province, Isan, Thailand) \u2013 Dates are selected by village mediums and can take place anywhere between March and July.",
    "date": null,
    "verdict": null
  },
  {
    "source": "wikipedia",
    "text": "Matariki (M\u0101ori New Year) \u2013 Different iwi celebrate according to their own tradition and the New Zealand Government calculates the public holiday each year according to advice from the Matariki Advisory Committee. Dates can fall from late June to late July.",
    "date": null,
    "verdict": null
  },
  {
    "source": "wikipedia",
    "text": "==== 5 July or following Monday if it's a weekend ====",
    "date": null,
    "verdict": null
  },
  {
    "source": "wikipedia",
    "text": "Birthday of Don Luis Mu\u00f1oz Rivera (Puerto Rico, United States)",
    "date": null,
    "verdict": null
  },
  {
    "source": "wikipedia",
    "text": "==== Second to last Sunday in July and the following two weeks ====",
    "date": null,
    "verdict": null
  },
  {
    "source": "wikipedia",
    "text": "Birthday of Don Luis Mu\u00f1oz Rivera (Puerto Rico, United States)",
    "date": null,
    "verdict": null
  },
  {
    "source": "wikipedia",
    "text": "==== Friday preceding the Fourth Saturday and the following Sunday ====",
    "date": null,
    "verdict": null
  },
  {
    "source": "wikipedia",
    "text": "Feast of the Most Precious Blood (removed from official Roman Catholic calendar since 1969)",
    "date": null,
    "verdict": null
  },
  {
    "source": "wikipedia",
    "text": "Hong Kong Special Administrative Region Establishment Day (Hong Kong, China)",
    "date": null,
    "verdict": null
  },
  {
    "source": "wikipedia",
    "text": "The start of the dog days according to the Old Farmer's Almanac.",
    "date": null,
    "verdict": null
  },
  {
    "source": "wikipedia",
    "text": "Dree Festival, celebrated until July 7 (Apatani people, Arunachal Pradesh, India)",
    "date": null,
    "verdict": null
  },
  {
    "source": "wikipedia",
    "text": "Saints Cyril and Methodius Feast Day (celebrated as a public holiday in Slovakia)",
    "date": null,
    "verdict": null
  },
  {
    "source": "wikipedia",
    "text": "Birthday of the Heir to the Crown of Tonga (Tonga)",
    "date": null,
    "verdict": null
  },
  {
    "source": "wikipedia",
    "text": "The Twelfth, also known as Orangemen's Day (Northern Ireland, Newfoundland and Labrador)",
    "date": null,
    "verdict": null
  },
  {
    "source": "wikipedia",
    "text": "Birthday of Victoria, Crown Princess of Sweden, an official flag flying day (Sweden)",
    "date": null,
    "verdict": null
  },
  {
    "source": "wikipedia",
    "text": "Day of Victory in the Great Fatherland Liberation War (North Korea)",
    "date": null,
    "verdict": null
  },
  {
    "source": "wikipedia",
    "text": "Martyrdom Day of Shahid Udham Singh (Haryana and Punjab, India)",
    "date": null,
    "verdict": null
  },
  {
    "source": "wikipedia",
    "text": "In July (film) (Im Juli), a 2000 German-Turkish road movie",
    "date": null,
    "verdict": null
  },
  {
    "source": "wikipedia",
    "text": "Frozen Peas, or In July, a blooper audio recording of Orson Welles",
    "date": null,
    "verdict": null
  }
]